Day,Total
domingo,4987908.359999606
jueves,4361245.239999625
lunes,4379457.279999621
martes,4222991.779999627
miércoles,4361116.629999611
sábado,5642038.929999696
viernes,4851137.049999647
